INSERT INTO `users` (`id`, `balance`, `email`, `password`) VALUES
(1, 45000, 'demo@user.fr', '$2a$10$mqMZSRpFrMzPFOemrYU8a.sViqrGS/af.DFm0AfvY5ukrfwme46lq'),
(2, 10000, 'odell.west0573@gmail.com', '$2a$10$11v.CYX7OEbomgEcjW6r6uJYnmC5C7ij96ruHIluyQ3DOFF55GnQ2'),
(3, 10000, 'tina.jenkins4372@gmail.com', '$2a$10$wlBlG0KHbJ7s4lKnjeRlzur9awVU/4/yv7KeR6HhVZhiu7Wpe0jTO'),
(4, 10000, 'stanton.king5561@gmail.com', '$2a$10$J7gQLjEBF2ORG1LcF.BeheTuskymNmRVumL80Jip.CXU/HDuDK8fC'),
(5, 10000, 'dorian.cronin7951@gmail.com', '$2a$10$uIl/UXtNAzbuZbC5nP9v4OP1aC/9lXOG0Vej1RvbZhCJ9TXQvbw7.'),
(6, 10000, 'prince.murphy9112@gmail.com', '$2a$10$hBEKQ4DzDYQ/0y33Ir4jHOyYCQcTz1HX6uhC7Jhzycup4kEjJN04q'),
(7, 10000, 'leslie.stokes0180@gmail.com', '$2a$10$RzFBm9KmWNE9ljaWLlLvR.uz3Rus5PPjsL2XjEbPJlXEDXhOdp//u'),
(8, 10000, 'tianna.olson6670@gmail.com', '$2a$10$abZee7J13CAQE4vBylXbBe5x9veBJi4btCdG2IBEaFExcK7qBFnla'),
(9, 10000, 'ligia.harris5271@gmail.com', '$2a$10$RcQXpykhCsoTwbvWVFvohOTtuZUVrrtorQWSNjTlK0lDED9CuaEbW'),
(10, 10000, 'king.schinner7238@gmail.com', '$2a$10$6/g290YtOcG1xKIDLu1UeuQfruNdsfpoqVYC526r7CYMY6d.li2MG'),
(11, 10000, 'blaine.ryan7747@gmail.com', '$2a$10$aUcMVLHVU/ofbxVfkDCWn.Fm3DIdU8Sj8rv0.m1lrLVD1//NWadvi');

INSERT INTO `connections` (`id`, `nickname`, `user_id`, `user_connected_id`) VALUES
(1, 'Jean-Claude', 1, 2),
(2, 'Tonton Henry', 1, 3),
(3, 'Mike', 1, 4),
(4, 'John', 1, 5),
(5, 'Fred', 1, 6),
(6, 'Albert', 1, 7),
(7, 'Joe', 1, 8),
(8, 'Nike', 1, 9),
(9, 'Sam', 1, 10),
(10, 'William', 1, 11);

INSERT INTO `transactions` (`id`, `amount`, `description`, `connection_id`) VALUES
(1, 10, 'Transaction 1', 1),
(2, 20, 'Transaction 2', 1),
(3, 30, 'Transaction 3', 1),
(4, 10, 'Transaction 4', 2),
(5, 20, 'Transaction 5', 2),
(6, 30, 'Transaction 6', 2),
(7, 10, 'Transaction 7', 3),
(8, 20, 'Transaction 8', 3),
(9, 30, 'Transaction 9', 3),
(10, 10, 'Transaction 10', 4),
(11, 20, 'Transaction 11', 4),
(12, 30, 'Transaction 12', 4),
(13, 10, 'Transaction 13', 5),
(14, 20, 'Transaction 14', 5),
(15, 30, 'Transaction 15', 5),
(16, 10, 'Transaction 16', 6),
(17, 20, 'Transaction 17', 6),
(18, 30, 'Transaction 18', 6),
(19, 10, 'Transaction 19', 7),
(20, 20, 'Transaction 20', 7),
(21, 30, 'Transaction 21', 7),
(22, 10, 'Transaction 22', 8),
(23, 20, 'Transaction 23', 8),
(24, 30, 'Transaction 24', 8),
(25, 10, 'Transaction 25', 9),
(26, 20, 'Transaction 26', 9),
(27, 30, 'Transaction 27', 9),
(28, 10, 'Transaction 28', 10),
(29, 20, 'Transaction 29', 10),
(30, 30, 'Transaction 30', 10);